Team,RunsDescending,Wkts,Balls,Ave,RPO,Result,,Opposition,Ground,Start Date
Sri Lanka,892,14,1395,63.71,3.83,draw,,Test v Bangladesh,Chattogram,2014-02-04
Sri Lanka,784,16,1301,49,3.61,won,,Test v Zimbabwe,Harare,2016-10-29
Sri Lanka,768,16,1189,48,3.87,won,,Test v Bangladesh,Galle,2017-03-07
Sri Lanka,762,19,1358,40.1,3.36,won,,Test v Zimbabwe,Harare,2016-11-06
Sri Lanka,738,18,1169,41,3.78,won,,Test v Pakistan,Galle,2022-07-24
Sri Lanka,737,16,1304,46.06,3.39,won,,Test v Zimbabwe,Colombo (RPS),2017-07-14
Sri Lanka,730,6,1127,121.66,3.88,won,,Test v Bangladesh,Mirpur,2014-01-27
Sri Lanka,714,20,1216,35.7,3.52,won,,Test v England,Leeds,2014-06-20
Sri Lanka,713,9,1197,79.22,3.57,draw,,Test v Bangladesh,Chattogram,2018-01-31
Sri Lanka,704,3,906,234.66,4.66,won,,Test v Ireland,Galle,2023-04-24
Sri Lanka,702,17,1444,41.29,2.91,won,,Test v Australia,Colombo (SSC),2016-08-13
Sri Lanka,687,16,1210,42.93,3.4,won,,Test v Bangladesh,Pallekele,2021-04-29
Sri Lanka,684,15,1401,45.6,2.92,draw,,Test v Pakistan,Abu Dhabi,2013-12-31
Sri Lanka,672,15,1431,44.8,2.81,draw,,Test v India,Delhi,2017-12-02
Sri Lanka,657,20,1361,32.85,2.89,lost,,Test v Bangladesh,Colombo (PSS),2017-03-15
Sri Lanka,657,16,1459,41.06,2.7,draw,,Test v Bangladesh,Chattogram,2022-05-15
Sri Lanka,657,20,1189,32.85,3.31,lost,,Test v New Zealand,Christchurch,2023-03-09
Sri Lanka,654,19,1372,34.42,2.86,draw,,Test v England,Lord's,2014-06-12
Sri Lanka,650,18,1052,36.11,3.7,draw,,Test v South Africa,Colombo (SSC),2014-07-24
Sri Lanka,648,8,1074,81,3.62,draw,,Test v Bangladesh,Pallekele,2021-04-21
Sri Lanka,645,20,1317,32.25,2.93,draw,,Test v West Indies,North Sound,2021-03-21
Sri Lanka,642,19,1642,33.78,2.34,lost,,Test v Pakistan,Sharjah,2014-01-16
Sri Lanka,632,12,1077,52.66,3.52,won,,Test v Pakistan,Galle,2014-08-06
Sri Lanka,613,15,1111,40.86,3.31,won,,Test v South Africa,Colombo (SSC),2018-07-20
Sri Lanka,602,20,1251,30.1,2.88,won,,Test v Pakistan,Colombo (SSC),2014-08-14
Sri Lanka,595,20,1024,29.75,3.48,draw,,Test v West Indies,Gros Islet,2018-06-14
Sri Lanka,591,20,1113,29.55,3.18,lost,,Test v Pakistan,Pallekele,2015-07-03
Sri Lanka,591,6,786,98.5,4.51,won,,Test v Ireland,Galle,2023-04-16
Sri Lanka,591,20,1071,29.55,3.31,lost,,Test v Pakistan,Galle,2023-07-16
Sri Lanka,579,20,1062,28.95,3.27,lost,,Test v England,Pallekele,2018-11-14
Sri Lanka,578,20,1112,28.9,3.11,won,,Test v Pakistan,Dubai (DSC),2017-10-06
Sri Lanka,577,14,1048,41.21,3.3,won,,Test v West Indies,Galle,2021-11-21
Sri Lanka,576,20,1275,28.8,2.71,lost,,Test v New Zealand,Dunedin,2015-12-10
Sri Lanka,576,20,1031,28.8,3.35,lost,,Test v England,Chester-le-Street,2016-05-27
Sri Lanka,576,18,853,32,4.05,lost,,Test v South Africa,Centurion,2020-12-26
Sri Lanka,569,20,999,28.45,3.41,lost,,Test v India,Colombo (SSC),2017-08-03
Sri Lanka,569,13,1230,43.76,2.77,draw,,Test v New Zealand,Wellington,2018-12-15
Sri Lanka,559,20,997,27.95,3.36,lost,,Test v Pakistan,Galle,2022-07-16
Sri Lanka,557,20,1330,27.85,2.51,won,,Test v Pakistan,Abu Dhabi,2017-09-28
Sri Lanka,554,10,1086,55.4,3.06,won,,Test v Australia,Galle,2022-07-08
Sri Lanka,552,20,1049,27.6,3.15,lost,,Test v New Zealand,Wellington,2015-01-03
Sri Lanka,550,20,792,27.5,4.16,won,,Test v India,Galle,2015-08-12
Sri Lanka,549,19,1099,28.89,2.99,won,,Test v West Indies,Galle,2021-11-29
Sri Lanka,545,20,1180,27.25,2.77,lost,,Test v New Zealand,Christchurch,2014-12-26
Sri Lanka,536,17,932,31.52,3.45,lost,,Test v India,Galle,2017-07-26
Sri Lanka,535,14,1077,38.21,2.98,won,,Test v New Zealand,Galle,2019-08-14
Sri Lanka,535,10,1009,53.5,3.18,won,,Test v Bangladesh,Mirpur,2022-05-23
Sri Lanka,529,9,1076,58.77,2.94,won,,Test v Zimbabwe,Harare,2020-01-19
Sri Lanka,525,11,1082,47.72,2.91,won,,Test v Pakistan,Dubai (DSC),2014-01-08
Sri Lanka,524,20,915,26.2,3.43,lost,,Test v England,Colombo (SSC),2018-11-23
Sri Lanka,522,20,1253,26.1,2.49,lost,,Test v New Zealand,Wellington,2023-03-17
Sri Lanka,518,20,796,25.9,3.9,won,,Test v Australia,Galle,2016-08-04
Sri Lanka,508,20,1058,25.4,2.88,lost,,Test v South Africa,Galle,2014-07-16
Sri Lanka,507,20,1052,25.35,2.89,lost,,Test v England,Galle,2021-01-22
Sri Lanka,506,20,1120,25.3,2.71,lost,,Test v Pakistan,Galle,2015-06-17
Sri Lanka,497,13,1241,38.23,2.4,draw,,Test v Zimbabwe,Harare,2020-01-27
Sri Lanka,495,19,869,26.05,3.41,won,,Test v South Africa,Durban,2019-02-13
Sri Lanka,494,20,1098,24.7,2.69,lost,,Test v England,Galle,2021-01-14
Sri Lanka,486,20,968,24.3,3.01,lost,,Test v South Africa,Gqeberha,2016-12-26
Sri Lanka,484,10,915,48.4,3.17,won,,Test v West Indies,Galle,2015-10-14
Sri Lanka,483,20,892,24.15,3.24,lost,,Test v Pakistan,Karachi,2019-12-19
Sri Lanka,477,20,818,23.85,3.49,won,,Test v South Africa,Galle,2018-07-12
Sri Lanka,470,20,768,23.5,3.67,won,,Test v Australia,Pallekele,2016-07-26
Sri Lanka,469,20,824,23.45,3.41,lost,,Test v India,Colombo (SSC),2015-08-28
Sri Lanka,468,13,888,36,3.16,won,,Test v Pakistan,Colombo (PSS),2015-06-25
Sri Lanka,453,20,919,22.65,2.95,lost,,Test v England,Galle,2018-11-06
Sri Lanka,451,12,1116,37.58,2.42,draw,,Test v West Indies,North Sound,2021-03-29
Sri Lanka,448,20,836,22.4,3.21,won,,Test v Bangladesh,Mirpur,2018-02-08
Sri Lanka,440,20,910,22,2.9,lost,,Test v India,Colombo (PSS),2015-08-20
Sri Lanka,425,20,700,21.25,3.64,lost,,Test v New Zealand,Hamilton,2015-12-18
Sri Lanka,411,20,834,20.55,2.95,lost,,Test v West Indies,Port of Spain,2018-06-06
Sri Lanka,406,20,849,20.3,2.86,won,,Test v West Indies,Colombo (PSS),2015-10-22
Sri Lanka,377,8,300,47.12,7.54,won,,ODI v Ireland,Dublin (Malahide),2016-06-18
Sri Lanka,371,20,772,18.55,2.88,lost,,Test v India,Nagpur,2017-11-24
Sri Lanka,369,17,661,21.7,3.34,draw,,Test v India,Eden Gardens,2017-11-16
Sri Lanka,368,4,300,92,7.36,won,,ODI v Pakistan,Hambantota,2015-07-26
Sri Lanka,368,20,584,18.4,3.78,lost,,Test v South Africa,Johannesburg,2021-01-03
Sri Lanka,366,11,717,33.27,3.06,draw,,Test v England,Lord's,2016-06-09
Sri Lanka,366,6,300,61,7.32,won,,ODI v England,Colombo (RPS),2018-10-23
Sri Lanka,366,20,964,18.3,2.27,lost,,Test v New Zealand,Colombo (PSS),2019-08-22
Sri Lanka,364,19,717,19.15,3.04,lost,,Test v Australia,Canberra,2019-02-01
Sri Lanka,363,9,300,40.33,7.26,won,,ODI v Scotland,Hobart,2015-03-11
Sri Lanka,355,6,300,59.16,7.1,won,,ODI v U.A.E.,Bulawayo,2023-06-19
Sri Lanka,354,20,698,17.7,3.04,lost,,Test v Pakistan,Colombo (SSC),2023-07-24
Sri Lanka,352,20,750,17.6,2.81,lost,,Test v India,Mohali,2022-03-04
Sri Lanka,351,11,500,31.9,4.21,won,,Test v South Africa,Gqeberha,2019-02-21
Sri Lanka,345,8,300,43.12,6.9,won,,ODI v West Indies,Hambantota,2020-02-26
Sri Lanka,344,9,300,38.22,6.88,lost,,ODI v Pakistan,Hyderabad,2023-10-10
Sri Lanka,340,19,884,17.89,2.3,lost,,Test v New Zealand,Christchurch,2018-12-26
Sri Lanka,338,6,300,56.33,6.76,won,,ODI v West Indies,Chester-le-Street,2019-07-01
Sri Lanka,334,20,630,16.7,3.18,lost,,Test v South Africa,Cape Town,2017-01-02
Sri Lanka,332,1,300,332,6.64,won,,ODI v Bangladesh,Melbourne,2015-02-26
Sri Lanka,330,7,300,47.14,6.6,won,,ODI v West Indies,Bulawayo,2016-11-23
Sri Lanka,327,10,289,32.7,6.78,lost,,ODI v South Africa,Cape Town,2017-02-07
Sri Lanka,326,10,294,32.6,6.65,lost,,ODI v New Zealand,Mount Maunganui,2019-01-03
Sri Lanka,326,10,269,32.6,7.27,lost,,ODI v South Africa,Delhi,2023-10-07
Sri Lanka,325,20,491,16.25,3.97,lost,,Test v Australia,Galle,2022-06-29
Sri Lanka,325,10,299,32.5,6.52,won,,ODI v Ireland,Bulawayo,2023-06-25
Sri Lanka,323,6,300,53.83,6.46,won,,ODI v Afghanistan,Hambantota,2023-06-04
Sri Lanka,322,3,292,107.33,6.61,won,,ODI v India,The Oval,2017-06-08
Sri Lanka,322,8,300,40.25,6.44,won,,ODI v Scotland,Edinburgh,2019-05-21
Sri Lanka,317,6,300,52.83,6.34,won,,ODI v England,Colombo (RPS),2014-11-26
Sri Lanka,317,20,572,15.85,3.32,lost,,Test v India,Bengaluru,2022-03-12
Sri Lanka,316,5,300,63.2,6.32,lost,,ODI v Zimbabwe,Galle,2017-06-30
Sri Lanka,316,20,673,15.8,2.81,lost,,Test v India,Pallekele,2017-08-12
Sri Lanka,314,8,300,39.25,6.28,won,,ODI v Bangladesh,Colombo (RPS),2019-07-26
Sri Lanka,314,6,298,52.33,6.32,won,,ODI v Afghanistan,Pallekele,2022-11-30
Sri Lanka,312,1,284,312,6.59,won,,ODI v England,Wellington,2015-03-01
Sri Lanka,312,9,278,34.66,6.73,lost,,ODI v Australia,Sydney,2015-03-08
Sri Lanka,312,2,284,156,6.59,won,,ODI v Zimbabwe,Hambantota,2017-07-06
Sri Lanka,311,10,298,31.1,6.26,lost,,ODI v Pakistan,Sharjah,2013-12-18
Sri Lanka,311,10,299,31.1,6.24,n/r,,ODI v Bangladesh,Dambulla,2017-03-28
Sri Lanka,310,9,300,34.44,6.2,won,,ODI v Pakistan,Hambantota,2014-08-26
Sri Lanka,308,20,529,15.4,3.49,lost,,Test v South Africa,Johannesburg,2017-01-12
Sri Lanka,308,6,582,51.33,3.17,draw,,Test v Pakistan,Rawalpindi,2019-12-11
Sri Lanka,307,10,300,30.7,6.14,won,,ODI v West Indies,Pallekele,2020-03-01
Sri Lanka,306,7,234,43.71,7.84,won,,ODI v South Africa,Pallekele,2018-08-08
Sri Lanka,306,8,300,38.25,6.12,lost,,ODI v India,Guwahati,2023-01-10
Sri Lanka,305,5,252,61,7.26,lost,,ODI v England,The Oval,2016-06-29
Sri Lanka,303,7,300,43.28,6.06,won,,ODI v Ireland,Dublin (Malahide),2016-06-16
Sri Lanka,302,6,300,50.33,6.04,won,,ODI v England,Colombo (RPS),2014-12-16
Sri Lanka,300,9,300,33.33,6,won,,ODI v England,Lord's,2014-05-31
Sri Lanka,300,6,300,50,6,lost,,ODI v Zimbabwe,Hambantota,2017-07-08
Sri Lanka,300,9,300,33.33,6,won,,ODI v South Africa,Colombo (RPS),2021-09-02
Sri Lanka,300,5,291,60,6.18,won,,ODI v Zimbabwe,Pallekele,2022-01-16
Sri Lanka,300,7,300,42.85,6,lost,,ODI v Australia,Pallekele,2022-06-14
Sri Lanka,299,8,300,37.37,5.98,won,,ODI v South Africa,Colombo (RPS),2018-08-12
Sri Lanka,298,16,596,18.62,3,won,,Test v West Indies,Bridgetown,2018-06-23
Sri Lanka,298,10,278,29.8,6.43,lost,,ODI v New Zealand,Mount Maunganui,2019-01-05
Sri Lanka,297,9,300,33,5.94,lost,,ODI v Pakistan,Karachi,2019-10-02
Sri Lanka,296,6,300,49.33,5.92,won,,ODI v Pakistan,Fatullah,2014-02-25
Sri Lanka,296,8,300,37,5.92,lost,,ODI v South Africa,Centurion,2017-02-10
Sri Lanka,294,8,300,36.75,5.88,won,,ODI v Bangladesh,Colombo (RPS),2019-07-31
Sri Lanka,292,7,300,41.71,5.84,won,,ODI v England,Pallekele,2014-12-13
Sri Lanka,292,4,291,73,6.02,won,,ODI v Australia,Colombo (RPS),2022-06-19
Sri Lanka,291,8,300,36.37,5.82,won,,ODI v Afghanistan,Lahore,2023-09-05
Sri Lanka,290,9,295,32.22,5.89,won,,ODI v West Indies,Colombo (SSC),2020-02-22
Sri Lanka,289,6,300,48.16,5.78,won,,ODI v Bangladesh,Mirpur,2014-02-20
Sri Lanka,288,9,300,32,5.76,n/r,,ODI v New Zealand,Hambantota,2013-11-10
Sri Lanka,288,8,289,36,5.97,won,,ODI v Pakistan,Pallekele,2015-07-15
Sri Lanka,288,10,293,28.8,5.89,won,,ODI v Australia,Colombo (RPS),2016-08-24
Sri Lanka,287,8,298,35.87,5.77,won,,ODI v Pakistan,Dubai (DSC),2013-12-20
Sri Lanka,287,6,300,47.83,5.74,won,,ODI v New Zealand,Wellington,2015-01-29
Sri Lanka,286,8,300,35.75,5.72,lost,,ODI v India,Ranchi,2014-11-16
Sri Lanka,286,9,300,31.77,5.72,tied,,ODI v England,Nottingham,2016-06-21
Sri Lanka,286,6,300,47.66,5.72,won,,ODI v Bangladesh,Mirpur,2021-05-28
Sri Lanka,285,10,272,28.5,6.28,lost,,ODI v South Africa,Pallekele,2018-08-05
Sri Lanka,283,19,645,14.89,2.63,lost,,Test v Australia,Brisbane,2019-01-24
Sri Lanka,280,9,300,31.11,5.6,won,,ODI v Bangladesh,Colombo (SSC),2017-04-01
Sri Lanka,280,9,300,31.11,5.6,lost,,ODI v Zimbabwe,Pallekele,2022-01-18
Sri Lanka,279,10,297,27.9,5.63,lost,,ODI v Bangladesh,Delhi,2023-11-06
Sri Lanka,278,10,289,27.8,5.77,lost,,ODI v Zimbabwe,Mirpur,2018-01-17
Sri Lanka,277,2,278,138.5,5.97,won,,ODI v New Zealand,Nelson,2015-12-31
Sri Lanka,276,10,297,27.6,5.57,lost,,ODI v New Zealand,Nelson,2015-01-20
Sri Lanka,275,7,270,39.28,6.11,lost,,ODI v Pakistan,Hambantota,2014-08-23
Sri Lanka,275,9,300,30.55,5.5,lost,,ODI v India,Colombo (RPS),2021-07-20
Sri Lanka,274,8,300,34.25,5.48,lost,,ODI v India,Ahmedabad,2014-11-06
Sri Lanka,274,6,300,45.66,5.48,lost,,ODI v West Indies,North Sound,2021-03-14
Sri Lanka,273,7,300,39,5.46,lost,,ODI v England,Pallekele,2018-10-20
Sri Lanka,273,8,300,34.12,5.46,lost,,ODI v West Indies,North Sound,2021-03-12
Sri Lanka,268,10,300,26.8,5.36,lost,,ODI v Afghanistan,Hambantota,2023-06-02
Sri Lanka,267,10,296,26.7,5.41,won,,ODI v South Africa,Pallekele,2014-07-09
Sri Lanka,267,4,298,66.75,5.37,won,,ODI v England,Colombo (RPS),2014-12-07
Sri Lanka,265,8,296,33.12,5.37,won,,ODI v India,Fatullah,2014-02-28
Sri Lanka,264,7,300,37.71,5.28,lost,,ODI v India,Leeds,2019-07-06
Sri Lanka,263,5,290,52.6,5.44,won,,ODI v Netherlands,Lucknow,2023-10-21
Sri Lanka,262,9,300,29.11,5.24,lost,,ODI v India,Colombo (RPS),2021-07-18
Sri Lanka,261,5,278,52.2,5.63,won,,ODI v Pakistan,Mirpur,2014-03-08
Sri Lanka,258,10,283,25.8,5.46,lost,,ODI v New Zealand,Mount Maunganui,2016-01-05
Sri Lanka,258,10,294,25.8,5.26,won,,ODI v Australia,Colombo (RPS),2022-06-21
Sri Lanka,257,10,267,25.7,5.77,lost,,ODI v South Africa,Hambantota,2014-07-12
Sri Lanka,257,9,300,28.55,5.14,won,,ODI v Bangladesh,Colombo (RPS),2023-09-09
Sri Lanka,256,8,300,32,5.12,won,,ODI v England,Chester-le-Street,2014-05-25
Sri Lanka,256,9,300,28.44,5.12,lost,,ODI v Pakistan,Colombo (RPS),2015-07-22
Sri Lanka,255,8,300,31.87,5.1,lost,,ODI v Pakistan,Dambulla,2015-07-11
Sri Lanka,254,7,300,36.28,5.08,lost,,ODI v England,Birmingham,2016-06-24
Sri Lanka,254,9,300,28.22,5.08,won,,ODI v Zimbabwe,Pallekele,2022-01-21
Sri Lanka,253,6,300,42.16,5.06,won,,ODI v Afghanistan,Mirpur,2014-03-03
Sri Lanka,252,4,286,63,5.28,won,,ODI v New Zealand,Hamilton,2015-01-15
Sri Lanka,252,10,262,25.2,5.77,lost,,ODI v New Zealand,Dunedin,2015-01-23
Sri Lanka,252,8,252,31.5,6,won,,ODI v Pakistan,Colombo (RPS),2023-09-14
Sri Lanka,251,10,259,25.1,5.81,lost,,ODI v India,Eden Gardens,2014-11-13
Sri Lanka,251,8,300,31.37,5.02,lost,,ODI v India,Mohali,2017-12-13
Sri Lanka,249,10,250,24.9,5.97,lost,,ODI v New Zealand,Nelson,2019-01-08
Sri Lanka,248,9,300,27.55,4.96,n/r,,ODI v England,Bristol,2016-06-26
Sri Lanka,247,10,275,24.7,5.38,lost,,ODI v Australia,The Oval,2019-06-15
Sri Lanka,246,4,285,61.5,5.17,won,,ODI v Bangladesh,Mirpur,2014-02-22
Sri Lanka,245,10,297,24.5,4.94,won,,ODI v Scotland,Bulawayo,2023-06-27
Sri Lanka,244,8,300,30.5,4.88,lost,,ODI v South Africa,Dambulla,2018-08-01
Sri Lanka,244,2,266,122,5.5,won,,ODI v West Indies,Harare,2023-07-07
Sri Lanka,242,10,290,24.2,5,lost,,ODI v India,Hyderabad,2014-11-09
Sri Lanka,242,8,210,30.25,6.91,lost,,ODI v England,Hambantota,2014-12-03
Sri Lanka,242,3,268,80.66,5.41,won,,ODI v Bangladesh,Colombo (RPS),2019-07-28
Sri Lanka,241,9,300,26.77,4.82,lost,,ODI v England,The Oval,2021-07-01
Sri Lanka,241,10,297,24.1,4.86,lost,,ODI v Afghanistan,Pune,2023-10-30
Sri Lanka,239,10,294,23.9,4.87,lost,,ODI v England,Pallekele,2014-12-10
Sri Lanka,238,10,298,23.8,4.79,lost,,ODI v India,Colombo (RPS),2017-09-03
Sri Lanka,238,10,281,23.8,5.08,lost,,ODI v Pakistan,Karachi,2019-09-30
Sri Lanka,236,6,290,39.33,4.88,won,,ODI v Afghanistan,Dunedin,2015-02-22
Sri Lanka,236,10,296,23.6,4.78,lost,,ODI v Pakistan,Cardiff,2017-06-12
Sri Lanka,236,8,300,29.5,4.72,lost,,ODI v India,Pallekele,2017-08-24
Sri Lanka,235,8,298,29.37,4.73,won,,ODI v Pakistan,Abu Dhabi,2013-12-27
Sri Lanka,234,10,271,23.4,5.18,lost,,ODI v Bangladesh,Dambulla,2017-03-25
Sri Lanka,234,10,228,23.4,6.15,lost,,ODI v Afghanistan,Pallekele,2022-11-25
Sri Lanka,233,10,277,23.3,5.04,lost,,ODI v New Zealand,Christchurch,2015-02-14
Sri Lanka,233,10,287,23.3,4.87,won,,ODI v Netherlands,Harare,2023-07-09
Sri Lanka,232,9,300,25.77,4.64,won,,ODI v England,Leeds,2019-06-21
Sri Lanka,232,10,294,23.2,4.73,lost,,ODI v West Indies,North Sound,2021-03-10
Sri Lanka,231,10,282,23.1,4.91,lost,,ODI v South Africa,Johannesburg,2019-03-03
Sri Lanka,229,10,243,22.9,5.65,lost,,ODI v South Africa,Colombo (RPS),2014-07-06
Sri Lanka,227,8,300,28.37,4.54,lost,,ODI v Australia,Colombo (RPS),2016-08-21
Sri Lanka,227,7,234,32.42,5.82,won,,ODI v India,Colombo (RPS),2021-07-23
Sri Lanka,226,10,296,22.6,4.58,lost,,ODI v Australia,Dambulla,2016-08-28
Sri Lanka,225,10,293,22.5,4.6,lost,,ODI v Pakistan,Abu Dhabi,2013-12-25
Sri Lanka,225,2,219,112.5,6.16,won,,ODI v West Indies,Colombo (RPS),2015-11-04
Sri Lanka,225,10,297,22.5,4.54,lost,,ODI v South Africa,Cape Town,2019-03-16
Sri Lanka,224,10,289,22.4,4.65,lost,,ODI v Bangladesh,Mirpur,2021-05-23
Sri Lanka,222,4,290,55.5,4.59,won,,ODI v England,Birmingham,2014-06-03
Sri Lanka,221,10,300,22.1,4.42,won,,ODI v Bangladesh,Mirpur,2018-01-27
Sri Lanka,220,9,286,24.44,4.61,won,,ODI v Australia,Pallekele,2022-06-16
Sri Lanka,219,8,300,27.37,4.38,won,,ODI v Ireland,Dublin,2014-05-06
Sri Lanka,218,9,300,24.22,4.36,lost,,ODI v New Zealand,Christchurch,2015-01-11
Sri Lanka,217,9,300,24.11,4.34,lost,,ODI v India,Pallekele,2017-08-27
Sri Lanka,216,10,260,21.6,4.98,lost,,ODI v India,Dambulla,2017-08-20
Sri Lanka,215,3,120,71.66,10.75,won,,T20I v West Indies,Pallekele,2015-11-09
Sri Lanka,215,10,269,21.5,4.79,lost,,ODI v India,Visakhapatnam,2017-12-17
Sri Lanka,215,10,238,21.5,5.42,lost,,ODI v India,Eden Gardens,2023-01-12
Sri Lanka,214,6,120,35.66,10.7,lost,,T20I v Bangladesh,Colombo (RPS),2018-03-10
Sri Lanka,213,10,268,21.3,4.76,lost,,ODI v Pakistan,Sharjah,2013-12-22
Sri Lanka,213,10,286,21.3,4.46,won,,ODI v Netherlands,Bulawayo,2023-06-30
Sri Lanka,212,10,300,21.2,4.24,lost,,ODI v Australia,Dambulla,2016-08-31
Sri Lanka,211,8,198,26.37,6.39,won,,ODI v New Zealand,Dambulla,2013-11-16
Sri Lanka,211,3,120,70.33,10.55,won,,T20I v Pakistan,Dubai (DSC),2013-12-13
Sri Lanka,210,20,433,10.5,2.9,lost,,Test v England,Leeds,2016-05-19
Sri Lanka,210,4,120,52.5,10.5,won,,T20I v Bangladesh,Sylhet,2018-02-18
Sri Lanka,209,8,300,26.12,4.18,lost,,ODI v Pakistan,Dubai (DSC),2017-10-13
Sri Lanka,209,10,261,20.9,4.8,lost,,ODI v Australia,Lucknow,2023-10-16
Sri Lanka,208,7,294,29.71,4.24,won,,ODI v Bangladesh,Mirpur,2014-03-06
Sri Lanka,208,10,290,20.8,4.3,lost,,ODI v Pakistan,Abu Dhabi,2017-10-18
Sri Lanka,207,10,256,20.7,4.85,lost,,ODI v India,Colombo (RPS),2017-08-31
Sri Lanka,206,6,120,34.33,10.3,won,,T20I v India,Pune,2023-01-05
Sri Lanka,203,10,249,20.3,4.89,lost,,ODI v South Africa,The Oval,2017-06-03
Sri Lanka,203,8,300,25.37,4.06,lost,,ODI v Zimbabwe,Hambantota,2017-07-10
Sri Lanka,203,10,297,20.3,4.1,lost,,ODI v South Africa,Chester-le-Street,2019-06-28
Sri Lanka,203,9,300,22.55,4.06,won,,ODI v South Africa,Colombo (RPS),2021-09-07
Sri Lanka,202,10,256,20.2,4.73,lost,,ODI v England,Cardiff,2016-07-02
Sri Lanka,202,5,269,40.4,4.5,won,,ODI v Zimbabwe,Mirpur,2018-01-21
Sri Lanka,201,10,221,20.1,5.45,won,,ODI v Afghanistan,Cardiff,2019-06-04
Sri Lanka,197,10,220,19.7,5.37,lost,,ODI v South Africa,Colombo (RPS),2021-09-04
Sri Lanka,196,5,120,39.2,9.8,tied,,T20I v New Zealand,Auckland,2023-04-02
Sri Lanka,195,10,243,19.5,4.81,lost,,ODI v New Zealand,Dunedin,2015-01-25
Sri Lanka,195,10,242,19.5,4.83,lost,,ODI v Australia,Pallekele,2016-09-04
Sri Lanka,194,10,236,19.4,4.93,lost,,ODI v India,Cuttack,2014-11-02
Sri Lanka,194,4,100,48.5,11.64,won,,T20I v Bangladesh,Mirpur,2018-02-15
Sri Lanka,193,10,207,19.3,5.59,lost,,ODI v South Africa,Dambulla,2018-07-29
Sri Lanka,189,4,120,47.25,9.45,lost,,T20I v England,Chattogram,2014-03-27
Sri Lanka,189,10,236,18.9,4.8,lost,,ODI v South Africa,Gqeberha,2019-03-13
Sri Lanka,189,3,120,63,9.45,won,,T20I v West Indies,Abu Dhabi,2021-11-04
Sri Lanka,188,10,282,18.8,4,lost,,ODI v New Zealand,Christchurch,2015-12-26
Sri Lanka,187,10,288,18.7,3.89,lost,,ODI v Pakistan,Abu Dhabi,2017-10-16
Sri Lanka,186,2,206,93,5.41,won,,ODI v England,Colombo (RPS),2014-11-29
Sri Lanka,186,10,227,18.6,4.91,lost,,ODI v South Africa,Durban,2017-02-01
Sri Lanka,185,10,255,18.5,4.35,lost,,ODI v England,Chester-le-Street,2021-06-29
Sri Lanka,184,8,116,23,9.51,won,,T20I v Bangladesh,Dubai (DSC),2022-09-01
Sri Lanka,183,7,120,26.14,9.15,won,,T20I v England,The Oval,2014-05-20
Sri Lanka,183,5,120,36.6,9.15,lost,,T20I v India,Dharamsala,2022-02-26
Sri Lanka,182,6,120,30.33,9.1,won,,T20I v Pakistan,Lahore,2019-10-07
Sri Lanka,182,6,120,30.33,9.1,lost,,T20I v New Zealand,Queenstown,2023-04-08
Sri Lanka,181,10,247,18.1,4.39,lost,,ODI v Pakistan,Colombo (RPS),2015-07-19
Sri Lanka,181,10,291,18.1,3.73,lost,,ODI v South Africa,Gqeberha,2017-01-28
Sri Lanka,180,10,240,18,4.5,won,,ODI v Bangladesh,Mirpur,2014-02-17
Sri Lanka,180,5,195,36,5.53,won,,ODI v West Indies,Pallekele,2015-11-07
Sri Lanka,179,9,120,19.88,8.95,lost,,T20I v New Zealand,Mount Maunganui,2016-01-07
Sri Lanka,179,6,115,29.83,9.33,won,,T20I v Afghanistan,Sharjah,2022-09-03
Sri Lanka,178,9,120,19.77,8.9,lost,,T20I v Australia,Pallekele,2016-09-06
Sri Lanka,177,6,119,29.5,8.92,won,,T20I v Australia,Pallekele,2022-06-11
Sri Lanka,176,8,120,22,8.8,won,,T20I v Australia,Geelong,2017-02-19
Sri Lanka,175,5,111,35,9.45,won,,T20I v India,Colombo (RPS),2018-03-06
Sri Lanka,174,4,120,43.5,8.7,lost,,T20I v New Zealand,Pallekele,2019-09-01
Sri Lanka,174,4,119,43.5,8.77,won,,T20I v India,Dubai (DSC),2022-09-06
Sri Lanka,173,10,262,17.3,3.96,lost,,ODI v Pakistan,Sharjah,2017-10-20
Sri Lanka,172,7,120,24.57,8.6,lost,,T20I v Pakistan,Colombo (RPS),2015-08-01
Sri Lanka,172,5,120,34.4,8.6,won,,T20I v Australia,Melbourne,2017-02-17
Sri Lanka,172,9,104,19.11,9.92,lost,,T20I v India,Indore,2017-12-22
Sri Lanka,172,5,113,34.4,9.13,won,,T20I v Bangladesh,Sharjah,2021-10-24
Sri Lanka,172,10,249,17.2,4.14,lost,,ODI v India,Colombo (RPS),2023-09-12
Sri Lanka,171,10,115,17.1,8.92,lost,,T20I v West Indies,Pallekele,2020-03-04
Sri Lanka,171,7,120,24.42,8.55,won,,T20I v Ireland,Abu Dhabi,2021-10-20
Sri Lanka,171,10,280,17.1,3.66,lost,,ODI v New Zealand,Bengaluru,2023-11-09
Sri Lanka,170,5,119,34,8.57,won,,T20I v South Africa,Cape Town,2017-01-25
Sri Lanka,170,7,120,24.28,8.5,lost,,T20I v India,Colombo (RPS),2017-09-06
Sri Lanka,170,6,120,28.33,8.5,won,,T20I v Pakistan,Dubai (DSC),2022-09-11
Sri Lanka,169,1,199,169,5.09,won,,ODI v Zimbabwe,Bulawayo,2023-07-02
Sri Lanka,168,7,120,24,8.4,won,,T20I v Bangladesh,Chattogram,2014-02-12
Sri Lanka,166,4,225,41.5,4.42,won,,ODI v Zimbabwe,Bulawayo,2016-11-27
Sri Lanka,166,10,247,16.6,4.03,n/r,,ODI v England,Bristol,2021-07-04
Sri Lanka,165,7,120,23.57,8.25,won,,T20I v South Africa,Chattogram,2014-03-22
Sri Lanka,165,10,259,16.5,3.82,lost,,ODI v West Indies,Harare,2016-11-16
Sri Lanka,165,5,120,33,8.25,won,,T20I v Pakistan,Lahore,2019-10-05
Sri Lanka,165,5,234,33,4.23,won,,ODI v Bangladesh,Pallekele,2023-08-31
Sri Lanka,164,9,149,18.22,6.6,won,,ODI v West Indies,Colombo (RPS),2015-11-01
Sri Lanka,164,9,120,18.22,8.2,lost,,T20I v South Africa,Centurion,2019-03-22
Sri Lanka,164,8,120,20.5,8.2,tied,,T20I v Australia,Sydney,2022-02-13
Sri Lanka,163,10,236,16.3,4.14,lost,,ODI v South Africa,Johannesburg,2017-02-04
Sri Lanka,162,6,120,27,8.1,won,,T20I v Netherlands,Geelong,2022-10-20
Sri Lanka,161,8,120,20.12,8.05,lost,,T20I v England,Delhi,2016-03-26
Sri Lanka,161,9,120,17.88,8.05,lost,,T20I v New Zealand,Pallekele,2019-09-03
Sri Lanka,160,6,120,26.66,8,won,,T20I v West Indies,Mirpur,2014-04-03
Sri Lanka,160,6,120,26.66,8,won,,T20I v West Indies,Coolidge,2021-03-05
Sri Lanka,160,10,259,16,3.7,lost,,ODI v Australia,Colombo (RPS),2022-06-24
Sri Lanka,160,10,120,16,8,lost,,T20I v India,Wankhede,2023-01-03
Sri Lanka,160,2,154,80,6.23,won,,ODI v England,Bengaluru,2023-10-26
Sri Lanka,159,7,120,22.71,7.95,lost,,T20I v Bangladesh,Colombo (RPS),2018-03-16
Sri Lanka,158,4,113,39.5,8.38,won,,T20I v Bangladesh,Colombo (RPS),2017-04-04
Sri Lanka,158,3,181,52.66,5.23,won,,ODI v Zimbabwe,Galle,2017-07-02
Sri Lanka,158,10,248,15.8,3.82,lost,,ODI v Afghanistan,Abu Dhabi,2018-09-17
Sri Lanka,157,10,194,15.7,4.85,lost,,ODI v Bangladesh,Mirpur,2018-01-19
Sri Lanka,157,10,120,15.7,7.85,lost,,T20I v England,Colombo (RPS),2018-10-27
Sri Lanka,157,6,120,26.16,7.85,lost,,T20I v Australia,Perth,2022-10-25
Sri Lanka,157,10,249,15.7,3.78,lost,,ODI v New Zealand,Hamilton,2023-03-31
Sri Lanka,155,4,113,38.75,8.23,won,,T20I v Afghanistan,Eden Gardens,2016-03-17
Sri Lanka,155,2,147,77.5,6.32,won,,ODI v Zimbabwe,Harare,2016-11-14
Sri Lanka,155,6,120,25.83,7.75,lost,,T20I v West Indies,Pallekele,2020-03-06
Sri Lanka,155,5,119,31,7.81,won,,T20I v Australia,Melbourne,2022-02-20
Sri Lanka,154,6,120,25.66,7.7,lost,,T20I v Australia,Dubai (DSC),2021-10-28
Sri Lanka,152,9,114,16.88,8,lost,,T20I v India,Colombo (RPS),2018-03-12
Sri Lanka,152,8,120,19,7.6,won,,T20I v U.A.E.,Geelong,2022-10-18
Sri Lanka,150,4,120,37.5,7.5,lost,,T20I v Pakistan,Mirpur,2016-03-04
Sri Lanka,150,9,126,16.66,7.14,lost,,ODI v England,Pallekele,2018-10-17
Sri Lanka,148,4,111,37,8,won,,T20I v Afghanistan,Brisbane,2022-11-01
Sri Lanka,147,7,120,21,7.35,won,,T20I v Pakistan,Lahore,2019-10-09
Sri Lanka,146,7,120,20.85,7.3,lost,,T20I v Pakistan,Colombo (RPS),2015-07-30
Sri Lanka,146,10,108,14.6,8.11,lost,,T20I v Australia,Adelaide,2017-02-22
Sri Lanka,146,5,120,29.2,7.3,lost,,T20I v India,Dharamsala,2022-02-27
Sri Lanka,145,5,120,29,7.25,lost,,T20I v Pakistan,Dubai (DSC),2013-12-11
Sri Lanka,144,10,167,14.4,5.17,lost,,ODI v England,The Oval,2014-05-22
Sri Lanka,144,9,120,16,7.2,lost,,T20I v Pakistan,Lahore,2017-10-29
Sri Lanka,144,10,101,14.4,8.55,lost,,T20I v New Zealand,Auckland,2019-01-11
Sri Lanka,143,2,107,71.5,8.01,won,,T20I v New Zealand,Pallekele,2013-11-21
Sri Lanka,142,8,120,17.75,7.1,lost,,T20I v New Zealand,Auckland,2016-01-10
Sri Lanka,142,6,120,23.66,7.1,lost,,T20I v Australia,Melbourne,2019-11-01
Sri Lanka,142,9,120,15.77,7.1,lost,,T20I v India,Indore,2020-01-07
Sri Lanka,142,10,120,14.2,7.1,lost,,T20I v South Africa,Sharjah,2021-10-30
Sri Lanka,141,9,240,15.66,3.52,lost,,ODI v Bangladesh,Mirpur,2021-05-25
Sri Lanka,141,8,120,17.62,7.05,lost,,T20I v England,Sydney,2022-11-05
Sri Lanka,141,10,114,14.1,7.42,lost,,T20I v New Zealand,Dunedin,2023-04-05
Sri Lanka,140,10,120,14,7,lost,,T20I v England,Southampton,2016-07-05
Sri Lanka,140,5,174,28,4.82,lost,,ODI v England,Dambulla,2018-10-13
Sri Lanka,139,10,120,13.9,6.95,lost,,T20I v West Indies,Colombo (RPS),2015-11-11
Sri Lanka,139,8,120,17.37,6.95,lost,,T20I v Australia,Melbourne,2022-02-18
Sri Lanka,138,1,138,138,6,lost,,ODI v New Zealand,Hambantota,2013-11-12
Sri Lanka,138,9,120,15.33,6.9,lost,,T20I v India,Mirpur,2016-03-01
Sri Lanka,138,10,194,13.8,4.26,lost,,ODI v South Africa,Centurion,2019-03-06
Sri Lanka,137,10,94,13.7,8.74,lost,,T20I v South Africa,Johannesburg,2019-03-24
Sri Lanka,137,10,114,13.7,7.21,lost,,T20I v England,Sharjah,2021-11-01
Sri Lanka,137,6,120,22.83,6.85,lost,,T20I v India,Lucknow,2022-02-24
Sri Lanka,137,10,100,13.7,8.22,lost,,T20I v India,Rajkot,2023-01-07
Sri Lanka,136,10,176,13.6,4.63,lost,,ODI v New Zealand,Cardiff,2019-06-01
Sri Lanka,135,7,120,19.28,6.75,lost,,T20I v India,Wankhede,2017-12-24
Sri Lanka,135,6,120,22.5,6.75,lost,,T20I v South Africa,Colombo (RPS),2021-09-10
Sri Lanka,134,4,107,33.5,7.51,won,,T20I v India,Mirpur,2014-04-06
Sri Lanka,134,7,120,19.14,6.7,tied,,T20I v South Africa,Cape Town,2019-03-19
Sri Lanka,133,10,224,13.3,3.56,lost,,ODI v South Africa,Sydney,2015-03-18
Sri Lanka,133,6,118,22.16,6.76,won,,T20I v India,Colombo (RPS),2021-07-28
Sri Lanka,133,1,90,133,8.86,won,,T20I v Ireland,Hobart,2022-10-23
Sri Lanka,131,10,108,13.1,7.27,lost,,T20I v Bangladesh,Colombo (RPS),2017-04-06
Sri Lanka,131,9,120,14.55,6.55,lost,,T20I v West Indies,Coolidge,2021-03-03
Sri Lanka,131,4,120,32.75,6.55,lost,,T20I v West Indies,Coolidge,2021-03-07
Sri Lanka,129,8,120,16.12,6.45,won,,T20I v U.A.E.,Mirpur,2016-02-25
Sri Lanka,129,7,120,18.42,6.45,lost,,T20I v England,Cardiff,2021-06-23
Sri Lanka,128,9,120,14.22,6.4,lost,,T20I v Australia,Colombo (RPS),2016-09-09
Sri Lanka,128,10,117,12.8,6.56,lost,,T20I v Australia,Colombo (RPS),2022-06-07
Sri Lanka,127,9,120,14.11,6.35,lost,,T20I v India,Ranchi,2016-02-12
Sri Lanka,126,10,111,12.6,6.81,lost,,T20I v India,Colombo (RPS),2021-07-25
Sri Lanka,125,8,120,15.62,6.25,won,,T20I v New Zealand,Pallekele,2019-09-06
Sri Lanka,124,8,120,15.5,6.2,lost,,T20I v Bangladesh,Mirpur,2016-02-28
Sri Lanka,124,9,120,13.77,6.2,lost,,T20I v Pakistan,Abu Dhabi,2017-10-27
Sri Lanka,124,10,212,12.4,3.5,lost,,ODI v Bangladesh,Dubai (DSC),2018-09-15
Sri Lanka,124,9,120,13.77,6.2,lost,,T20I v Australia,Colombo (RPS),2022-06-08
Sri Lanka,124,5,102,24.8,7.29,won,,T20I v Pakistan,Dubai (DSC),2022-09-09
Sri Lanka,123,7,120,17.57,6.15,won,,T20I v Bangladesh,Chattogram,2014-02-14
Sri Lanka,123,10,95,12.3,7.76,lost,,T20I v India,Pune,2020-01-10
Sri Lanka,122,9,120,13.55,6.1,lost,,T20I v West Indies,Bengaluru,2016-03-20
Sri Lanka,122,8,114,15.25,6.42,lost,,T20I v Australia,Sydney,2022-02-11
Sri Lanka,121,5,144,24.2,5.04,lost,,ODI v South Africa,Durban,2019-03-10
Sri Lanka,121,6,120,20.16,6.05,lost,,T20I v Australia,Canberra,2022-02-15
Sri Lanka,120,10,117,12,6.15,lost,,T20I v South Africa,Delhi,2016-03-28
Sri Lanka,120,8,120,15,6,lost,,T20I v South Africa,Colombo (RPS),2021-09-14
Sri Lanka,120,1,96,120,7.5,won,,ODI v Afghanistan,Hambantota,2023-06-07
Sri Lanka,119,10,116,11.9,6.15,won,,T20I v New Zealand,Chattogram,2014-03-31
Sri Lanka,119,7,118,17,6.05,won,,T20I v South Africa,Johannesburg,2017-01-22
Sri Lanka,117,10,166,11.7,4.22,lost,,ODI v New Zealand,Christchurch,2015-12-28
Sri Lanka,117,10,114,11.7,6.15,lost,,T20I v Australia,Brisbane,2019-10-30
Sri Lanka,114,3,124,38,5.51,won,,ODI v India,Dharamsala,2017-12-10
Sri Lanka,111,7,120,15.85,5.55,lost,,T20I v England,Cardiff,2021-06-24
Sri Lanka,108,10,114,10.8,5.68,lost,,T20I v Namibia,Geelong,2022-10-16
Sri Lanka,108,10,115,10.8,5.63,lost,,T20I v Afghanistan,Hangzhou,2023-10-04
Sri Lanka,107,6,60,17.83,10.7,lost,,T20I v South Africa,Centurion,2017-01-20
Sri Lanka,105,5,108,21,5.83,won,,T20I v India,Pune,2016-02-09
Sri Lanka,105,10,118,10.5,5.33,lost,,T20I v Afghanistan,Dubai (DSC),2022-08-27
Sri Lanka,104,3,110,34.66,5.67,won,,ODI v Pakistan,Dambulla,2014-08-30
Sri Lanka,103,10,158,10.3,3.91,lost,,ODI v Pakistan,Sharjah,2017-10-23
Sri Lanka,103,10,109,10.3,5.66,lost,,T20I v South Africa,Colombo (RPS),2021-09-12
Sri Lanka,102,10,111,10.2,5.51,lost,,T20I v Pakistan,Abu Dhabi,2017-10-26
Sri Lanka,102,10,116,10.2,5.27,lost,,T20I v New Zealand,Sydney,2022-10-29
Sri Lanka,100,3,81,33.33,7.4,won,,T20I v Namibia,Abu Dhabi,2021-10-18
Sri Lanka,100,0,90,-,6.66,won,,ODI v Oman,Bulawayo,2023-06-23
Sri Lanka,99,7,96,14.14,6.18,won,,T20I v South Africa,Colombo (RPS),2018-08-14
Sri Lanka,99,9,120,11,4.95,lost,,T20I v Australia,Adelaide,2019-10-27
Sri Lanka,91,10,113,9.1,4.83,lost,,T20I v England,Southampton,2021-06-26
Sri Lanka,87,10,96,8.7,5.43,lost,,T20I v India,Cuttack,2017-12-20
Sri Lanka,83,0,71,-,7.01,won,,ODI v Bangladesh,Mirpur,2018-01-25
Sri Lanka,82,10,108,8.2,4.55,lost,,T20I v India,Visakhapatnam,2016-02-14
Sri Lanka,82,3,87,27.33,5.65,won,,T20I v India,Colombo (RPS),2021-07-29
Sri Lanka,76,10,119,7.6,3.83,lost,,ODI v New Zealand,Auckland,2023-03-25
Sri Lanka,73,9,132,8.11,3.31,lost,,ODI v India,Thiruvananthapuram,2023-01-15
Sri Lanka,67,10,144,6.7,2.79,lost,,ODI v England,Manchester,2014-05-28
Sri Lanka,55,10,118,5.5,2.79,lost,,ODI v India,Wankhede,2023-11-02
Sri Lanka,50,10,92,5,3.26,lost,,ODI v India,Colombo (RPS),2023-09-17
Sri Lanka,45,2,43,22.5,6.27,won,,T20I v Netherlands,Sharjah,2021-10-22
Sri Lanka,40,1,30,40,8,won,,T20I v Netherlands,Chattogram,2014-03-24
Sri Lanka,10,0,16,-,3.75,n/r,,ODI v Afghanistan,Pallekele,2022-11-27
Sri Lanka,0,0,0,-,-,n/r,,ODI v New Zealand,Auckland,2015-01-17
Sri Lanka,0,0,0,-,-,n/r,,ODI v New Zealand,Nelson,2016-01-02
Sri Lanka,0,0,0,-,-,n/r,,ODI v Zimbabwe,Bulawayo,2016-11-21
Sri Lanka,0,0,0,-,-,n/r,,ODI v England,Dambulla,2018-10-10
Sri Lanka,0,0,0,-,-,n/r,,T20I v India,Guwahati,2020-01-05
